{"cameraMode":{"drawMode":0,"name":"Shaded","section":"Shading Mode"},"sceneLighting":false,"audioPlay":false,"sceneViewState":{"m_AlwaysRefresh":false,"showFog":true,"showSkybox":false,"showFlares":true,"showImageEffects":true,"showParticleSystems":true,"showVisualEffectGraphs":true,"m_FxEnabled":true},"in2DMode":false,"pivot":{"x":2.9802322387695315e-8,"y":0.1366845816373825,"z":-0.5459303259849548},"rotation":{"x":-0.34485676884651186,"y":0.2642311453819275,"z":-0.10182014107704163,"w":-0.8949287533760071},"size":1.3679512739181519,"orthographic":false}